<?xml version="1.0" encoding="UTF-8"?>
<beans xmlns="http://www.springframework.org/schema/beans"
	xmlns:xsi="http://www.w3.org/2001/XMLSchema-instance"
	xsi:schemaLocation="http://www.springframework.org/schema/beans http://www.springframework.org/schema/beans/spring-beans.xsd">

	<bean id="mycar" class="com.lti.car.Car" scope="prototype">
		<constructor-arg index="0" ref="myengine" > </constructor-arg>
		<constructor-arg index="1" value="CarModel" > </constructor-arg>
	</bean>
	
	<bean id="myengine" class="com.lti.car.Engine" >
		<constructor-arg ref="mypiston"> </constructor-arg> 
	</bean>
	
	<bean id="mypiston" class="com.lti.car.Piston"  >
		<constructor-arg value="10" ></constructor-arg>  
	</bean>
	
	
</beans>

	