<?xml version="1.0" encoding="UTF-8"?>
<beans xmlns="http://www.springframework.org/schema/beans"
	xmlns:xsi="http://www.w3.org/2001/XMLSchema-instance"
	xsi:schemaLocation="http://www.springframework.org/schema/beans http://www.springframework.org/schema/beans/spring-beans.xsd">
<bean id="myDept" class="com.lti.jdbc.MyDept" scope="prototype"> </bean>
<bean id="myDeptDAO" class="com.lti.jdbc.MyDeptDAOImpl">
	<property name="dataSource" ref="ds"></property> </bean>
<bean id="ds" 
class="org.springframework.jdbc.datasource.DriverManagerDataSource">
<property name="driverClassName" value="oracle.jdbc.OracleDriver"/>
<property name="url" value="jdbc:oracle:thin:@DESKTOP-EPTT35F:1521:XE"/>
<property name="username" value="scott"/>
<property name="password" value="tiger"/>	</bean>
	
</beans>

	